State/Province,Orders,Sales,Units,Gross_Profit
California,1686,27917.4,7667,18479.42
New York,942,15541.03,4224,10222.44
Texas,833,13416.09,3724,8909.53
Pennsylvania,487,8027.03,2153,5225.47
Washington,432,6921.15,1883,4566.64
Illinois,433,6898.96,1845,4557.68
Ohio,392,6768.95,1759,4413.03
Florida,319,4804.02,1379,3207.11
Arizona,190,3587.55,862,2290.11
North Carolina,216,3450.86,983,2331.16
Michigan,209,3331.0,946,2236.21
Virginia,185,3177.84,893,2080.84
Georgia,151,2692.84,705,1751.32
Colorado,140,2544.91,693,1694.63
Tennessee,151,2383.56,681,1573.52
Indiana,123,2002.78,578,1343.44
Wisconsin,91,1920.5,463,1219.58
Oregon,105,1920.15,499,1253.11
Kentucky,112,1880.63,523,1242.3700000000001
Massachusetts,106,1806.99,491,1179.99
New Jersey,108,1578.3500000000001,454,1017.76
Maryland,80,1476.99,420,997.5699999999999
Delaware,80,1323.59,367,861.71
Minnesota,75,1161.46,331,779.28
Alabama,53,995.11,256,622.11
Connecticut,74,980.57,281,653.83
Arkansas,48,891.94,240,588.02
Missouri,56,882.83,252,595.41
Oklahoma,56,877.65,247,595.91
Utah,44,856.41,219,556.21
Mississippi,43,844.1800000000001,221,557.94
Ontario,41,814.57,234,542.57
Rhode Island,46,805.76,199,501.84000000000003
Nevada,36,759.46,168,469.48
South Carolina,34,601.07,172,398.83
Quebec,38,597.68,150,381.36
Alberta,22,530.32,110,326.3
Louisiana,38,525.21,156,347.45
New Mexico,34,502.71000000000004,151,335.17
Nebraska,33,483.53000000000003,136,327.89
New Hampshire,26,428.27,127,264.53
Iowa,26,400.37,112,269.96999999999997
British Columbia,22,290.9,81,198.3
Kansas,23,263.18,74,179.22
Idaho,18,225.25,64,152.15
Montana,12,202.11,56,135.47
New Brunswick,8,172.72,48,118.72
Vermont,10,162.44,50,109.98
Newfoundland and Labrador,5,162.0,45,112.5
South Dakota,8,151.34,42,104.14
District of Columbia,8,142.25,40,95.85
Manitoba,8,138.25,40,90.27
Prince Edward Island,8,130.1,38,88.66
Maine,7,126.48,35,85.10000000000001
North Dakota,5,109.66,30,73.96000000000001
Nova Scotia,6,87.5,26,56.900000000000006
West Virginia,4,63.97,18,43.89
Saskatchewan,2,29.25,9,18.99
Wyoming,1,13.96,4,9.96
